id,flight,seg,family,vel,twr,ccw,comment
2021-02-03-13-43-38_seg_1,2021-02-03-13-43-38,1,wobbly_circle,0.5,,0,"wobbly circle 4 parts, delta=0.3, vel=0.5"
2021-02-03-13-43-38_seg_2,2021-02-03-13-43-38,2,wobbly_circle,0.5,,0,"wobbly circle 4 parts, delta=0.3, vel=0.5"
2021-02-03-13-43-38_seg_3,2021-02-03-13-43-38,3,wobbly_circle,0.5,,0,"wobbly circle 4 parts, delta=0.3, vel=0.5"
2021-02-03-13-43-38_seg_4,2021-02-03-13-43-38,4,wobbly_circle,0.5,,0,"wobbly circle 4 parts, delta=0.3, vel=0.5"
2021-02-03-13-44-49_seg_1,2021-02-03-13-44-49,1,wobbly_circle,0.75,,0,"wobbly circle 4 parts, delta=0.3, vel=0.75"
2021-02-03-13-44-49_seg_2,2021-02-03-13-44-49,2,wobbly_circle,0.75,,0,"wobbly circle 4 parts, delta=0.3, vel=0.75"
2021-02-03-13-44-49_seg_3,2021-02-03-13-44-49,3,wobbly_circle,0.75,,0,"wobbly circle 4 parts, delta=0.3, vel=0.75"
2021-02-03-13-44-49_seg_4,2021-02-03-13-44-49,4,wobbly_circle,0.75,,0,"wobbly circle 4 parts, delta=0.3, vel=0.75"
2021-02-03-13-53-04_seg_1,2021-02-03-13-53-04,1,circle,2.0,,0,"circle, vel=2.0"
2021-02-03-13-53-04_seg_2,2021-02-03-13-53-04,2,circle,2.0,,0,"circle, vel=2.0"
2021-02-03-13-54-06_seg_1,2021-02-03-13-54-06,1,circle,2.5,,0,"circle, vel=2.5"
2021-02-03-13-54-06_seg_2,2021-02-03-13-54-06,2,circle,2.5,,0,"circle, vel=2.5"
2021-02-03-13-54-06_seg_3,2021-02-03-13-54-06,3,circle,2.5,,0,"circle, vel=2.5"
2021-02-03-13-54-06_seg_4,2021-02-03-13-54-06,4,circle,2.5,,0,"circle, vel=2.5"
2021-02-03-16-10-37_seg_1,2021-02-03-16-10-37,1,oscillation_linear,2.0,,0,"linear oscillation, vel=2.0"
2021-02-03-16-10-37_seg_2,2021-02-03-16-10-37,2,oscillation_linear,2.0,,0,"linear oscillation, vel=2.0"
2021-02-03-16-10-37_seg_3,2021-02-03-16-10-37,3,oscillation_linear,2.0,,0,"linear oscillation, vel=2.0"
2021-02-03-16-10-37_seg_4,2021-02-03-16-10-37,4,oscillation_linear,2.0,,0,"linear oscillation, vel=2.0"
2021-02-03-16-12-22_seg_1,2021-02-03-16-12-22,1,oscillation_linear,2.25,,0,"linear oscillation, vel=2.25"
2021-02-03-16-12-22_seg_2,2021-02-03-16-12-22,2,oscillation_linear,2.25,,0,"linear oscillation, vel=2.25"
2021-02-03-16-12-22_seg_3,2021-02-03-16-12-22,3,oscillation_linear,2.25,,0,"linear oscillation, vel=2.25"
2021-02-03-16-12-22_seg_4,2021-02-03-16-12-22,4,oscillation_linear,2.25,,0,"linear oscillation, vel=2.25"
2021-02-03-16-45-38_seg_1,2021-02-03-16-45-38,1,oscillation_linear,2.4,,0,"linear oscillation, vel=2.4"
2021-02-03-16-45-38_seg_2,2021-02-03-16-45-38,2,oscillation_linear,2.4,,0,"linear oscillation, vel=2.4"
2021-02-03-16-47-27_seg_1,2021-02-03-16-47-27,1,wobbly_circle,0.25,,0,"wobbly circle 9 parts, delta=0.15, vel=0.25"
2021-02-03-16-47-27_seg_2,2021-02-03-16-47-27,2,wobbly_circle,0.25,,0,"wobbly circle 9 parts, delta=0.15, vel=0.25"
2021-02-03-16-54-28_seg_1,2021-02-03-16-54-28,1,oscillation_linear,2.6,,0,"linear oscillation, vel=2.6"
2021-02-03-16-54-28_seg_2,2021-02-03-16-54-28,2,oscillation_linear,2.6,,0,"linear oscillation, vel=2.6"
2021-02-03-16-54-28_seg_3,2021-02-03-16-54-28,3,oscillation_linear,2.6,,0,"linear oscillation, vel=2.6"
2021-02-03-16-54-28_seg_4,2021-02-03-16-54-28,4,oscillation_linear,2.6,,0,"linear oscillation, vel=2.6"
2021-02-03-16-55-55_seg_1,2021-02-03-16-55-55,1,wobbly_circle,0.5,,0,"wobbly circle 9 parts, delta=0.15, vel=0.5"
2021-02-03-16-55-55_seg_2,2021-02-03-16-55-55,2,wobbly_circle,0.5,,0,"wobbly circle 9 parts, delta=0.15, vel=0.5"
2021-02-03-16-55-55_seg_3,2021-02-03-16-55-55,3,wobbly_circle,0.5,,0,"wobbly circle 9 parts, delta=0.15, vel=0.5"
2021-02-03-16-58-13_seg_1,2021-02-03-16-58-13,1,circle_3d,1.5,,0,"3d circle, delta_z = 2, vel=1.5"
2021-02-03-16-58-13_seg_2,2021-02-03-16-58-13,2,circle_3d,1.5,,0,"3d circle, delta_z = 2, vel=1.5"
2021-02-03-17-04-15_seg_1,2021-02-03-17-04-15,1,circle_3d,2,,0,"3d circle, delta_z = 4, vel=2"
2021-02-03-17-04-15_seg_2,2021-02-03-17-04-15,2,circle_3d,2,,0,"3d circle, delta_z = 4, vel=2"
2021-02-03-17-04-15_seg_3,2021-02-03-17-04-15,3,circle_3d,2,,0,"3d circle, delta_z = 4, vel=2"
2021-02-03-17-04-15_seg_4,2021-02-03-17-04-15,4,circle_3d,2,,0,"3d circle, delta_z = 4, vel=2"
2021-02-03-17-06-36_seg_1,2021-02-03-17-06-36,1,circle_3d,2.5,,0,"3d circle, delta_z = 4, vel=2.5"
2021-02-03-17-14-47_seg_1,2021-02-03-17-14-47,1,circle_3d,2.9,,0,"3d circle, delta_z = 4, vel=2.9"
2021-02-03-17-14-47_seg_2,2021-02-03-17-14-47,2,circle_3d,2.9,,0,"3d circle, delta_z = 4, vel=2.9"
2021-02-03-17-26-08_seg_1,2021-02-03-17-26-08,1,lemniscate,,,0,lemniscate
2021-02-03-17-26-08_seg_2,2021-02-03-17-26-08,2,lemniscate,,,0,lemniscate
2021-02-03-17-33-11_seg_1,2021-02-03-17-33-11,1,circle,2.75,,0,"circle, vel=2.75"
2021-02-03-17-33-11_seg_2,2021-02-03-17-33-11,2,circle,2.75,,0,"circle, vel=2.75"
2021-02-03-17-37-27_seg_1,2021-02-03-17-37-27,1,circle,3.0,,0,"circle, vel=3.0"
2021-02-03-17-37-27_seg_2,2021-02-03-17-37-27,2,circle,3.0,,0,"circle, vel=3.0"
2021-02-03-17-37-27_seg_3,2021-02-03-17-37-27,3,circle,3.0,,0,"circle, vel=3.0"
2021-02-05-14-00-56_seg_1,2021-02-05-14-00-56,1,battery_test,,,0,"battery test 01, short circle"
2021-02-05-14-00-56_seg_2,2021-02-05-14-00-56,2,battery_test,,,0,"battery test 01, short circle"
2021-02-05-14-01-47_seg_1,2021-02-05-14-01-47,1,battery_test,,,0,"battery test 02, short circle"
2021-02-05-14-01-47_seg_2,2021-02-05-14-01-47,2,battery_test,,,0,"battery test 02, short circle"
2021-02-05-14-01-47_seg_3,2021-02-05-14-01-47,3,battery_test,,,0,"battery test 02, short circle"
2021-02-05-14-02-47_seg_1,2021-02-05-14-02-47,1,battery_test,,,0,"battery test 03, short circle"
2021-02-05-14-02-47_seg_2,2021-02-05-14-02-47,2,battery_test,,,0,"battery test 03, short circle"
2021-02-05-14-02-47_seg_3,2021-02-05-14-02-47,3,battery_test,,,0,"battery test 03, short circle"
2021-02-05-14-03-41_seg_1,2021-02-05-14-03-41,1,battery_test,,,0,"battery test 04, short circle"
2021-02-05-14-03-41_seg_2,2021-02-05-14-03-41,2,battery_test,,,0,"battery test 04, short circle"
2021-02-05-14-03-41_seg_3,2021-02-05-14-03-41,3,battery_test,,,0,"battery test 04, short circle"
2021-02-05-14-03-41_seg_4,2021-02-05-14-03-41,4,battery_test,,,0,"battery test 04, short circle"
2021-02-05-14-04-32_seg_1,2021-02-05-14-04-32,1,battery_test,,,0,"battery test 05, short circle"
2021-02-05-14-04-32_seg_2,2021-02-05-14-04-32,2,battery_test,,,0,"battery test 05, short circle"
2021-02-05-14-19-34_seg_1,2021-02-05-14-19-34,1,oscillation_vertical,1,,0,"vertical oscillation, vel = 1"
2021-02-05-14-19-34_seg_2,2021-02-05-14-19-34,2,oscillation_vertical,1,,0,"vertical oscillation, vel = 1"
2021-02-05-14-19-34_seg_3,2021-02-05-14-19-34,3,oscillation_vertical,1,,0,"vertical oscillation, vel = 1"
2021-02-05-14-24-35_seg_1,2021-02-05-14-24-35,1,oscillation_vertical,1.7,,0,"vertical oscillation, vel = 1.7"
2021-02-05-14-24-35_seg_2,2021-02-05-14-24-35,2,oscillation_vertical,1.7,,0,"vertical oscillation, vel = 1.7"
2021-02-05-14-24-35_seg_3,2021-02-05-14-24-35,3,oscillation_vertical,1.7,,0,"vertical oscillation, vel = 1.7"
2021-02-05-15-04-42_seg_1,2021-02-05-15-04-42,1,circle_3d,0.45,,0,"3d circle, vel = 0.45"
2021-02-05-15-04-42_seg_2,2021-02-05-15-04-42,2,circle_3d,0.45,,0,"3d circle, vel = 0.45"
2021-02-05-15-04-42_seg_3,2021-02-05-15-04-42,3,circle_3d,0.45,,0,"3d circle, vel = 0.45"
2021-02-05-15-40-15_seg_1,2021-02-05-15-40-15,1,cpc,,1.65,0,"cpc, 1.65 TWR, offset z + 0.7m"
2021-02-05-15-40-15_seg_2,2021-02-05-15-40-15,2,cpc,,1.65,0,"cpc, 1.65 TWR, offset z + 0.7m"
2021-02-05-15-46-49_seg_1,2021-02-05-15-46-49,1,cpc,,2.475,0,"cpc, 2.475 TWR, offset z + 0.7m"
2021-02-05-15-46-49_seg_2,2021-02-05-15-46-49,2,cpc,,2.475,0,"cpc, 2.475 TWR, offset z + 0.7m"
2021-02-05-15-46-49_seg_3,2021-02-05-15-46-49,3,cpc,,2.475,0,"cpc, 2.475 TWR, offset z + 0.7m"
2021-02-05-15-56-24_seg_1,2021-02-05-15-56-24,1,cpc,,2.75,0,"cpc, 2.75 TWR, offset z + 0.7m"
2021-02-05-15-56-24_seg_2,2021-02-05-15-56-24,2,cpc,,2.75,0,"cpc, 2.75 TWR, offset z + 0.7m"
2021-02-05-15-56-24_seg_3,2021-02-05-15-56-24,3,cpc,,2.75,0,"cpc, 2.75 TWR, offset z + 0.7m"
2021-02-05-15-58-59_seg_1,2021-02-05-15-58-59,1,lemniscate,1,,0,"lemniscate, vel = 1"
2021-02-05-15-58-59_seg_2,2021-02-05-15-58-59,2,lemniscate,1,,0,"lemniscate, vel = 1"
2021-02-05-15-58-59_seg_3,2021-02-05-15-58-59,3,lemniscate,1,,0,"lemniscate, vel = 1"
2021-02-05-16-06-45_seg_1,2021-02-05-16-06-45,1,lemniscate,1.5,,0,"lemniscate, vel = 1.5"
2021-02-05-16-06-45_seg_2,2021-02-05-16-06-45,2,lemniscate,1.5,,0,"lemniscate, vel = 1.5"
2021-02-05-16-06-45_seg_3,2021-02-05-16-06-45,3,lemniscate,1.5,,0,"lemniscate, vel = 1.5"
2021-02-05-16-06-45_seg_4,2021-02-05-16-06-45,4,lemniscate,1.5,,0,"lemniscate, vel = 1.5"
2021-02-05-16-10-53_seg_1,2021-02-05-16-10-53,1,lemniscate,1.75,,0,"lemniscate, vel = 1.75"
2021-02-05-16-10-53_seg_2,2021-02-05-16-10-53,2,lemniscate,1.75,,0,"lemniscate, vel = 1.75"
2021-02-05-16-14-20_seg_1,2021-02-05-16-14-20,1,lemniscate,2,,0,"lemniscate, vel = 2"
2021-02-05-16-14-20_seg_2,2021-02-05-16-14-20,2,lemniscate,2,,0,"lemniscate, vel = 2"
2021-02-05-16-16-00_seg_1,2021-02-05-16-16-00,1,battery_test,,,0,"battery test 06, short circle"
2021-02-05-16-16-00_seg_2,2021-02-05-16-16-00,2,battery_test,,,0,"battery test 06, short circle"
2021-02-05-16-16-00_seg_3,2021-02-05-16-16-00,3,battery_test,,,0,"battery test 06, short circle"
2021-02-05-16-19-10_seg_1,2021-02-05-16-19-10,1,battery_test,,,0,"battery test 08, short circle"
2021-02-05-16-19-10_seg_2,2021-02-05-16-19-10,2,battery_test,,,0,"battery test 08, short circle"
2021-02-05-16-29-21_seg_1,2021-02-05-16-29-21,1,cpc,,2.475,0,"cpc, 2.475 TWR, offset z + 0.7m"
2021-02-05-16-29-21_seg_2,2021-02-05-16-29-21,2,cpc,,2.475,0,"cpc, 2.475 TWR, offset z + 0.7m"
2021-02-05-16-29-21_seg_3,2021-02-05-16-29-21,3,cpc,,2.475,0,"cpc, 2.475 TWR, offset z + 0.7m"
2021-02-05-16-29-21_seg_4,2021-02-05-16-29-21,4,cpc,,2.475,0,"cpc, 2.475 TWR, offset z + 0.7m"
2021-02-05-16-31-14_seg_1,2021-02-05-16-31-14,1,cpc,,2.475,0,"cpc, 2.475 TWR, offset z + 0.7m"
2021-02-05-16-31-14_seg_2,2021-02-05-16-31-14,2,cpc,,2.475,0,"cpc, 2.475 TWR, offset z + 0.7m"
2021-02-05-16-31-14_seg_3,2021-02-05-16-31-14,3,cpc,,2.475,0,"cpc, 2.475 TWR, offset z + 0.7m"
2021-02-05-16-31-14_seg_4,2021-02-05-16-31-14,4,cpc,,2.475,0,"cpc, 2.475 TWR, offset z + 0.7m"
2021-02-05-16-33-13_seg_1,2021-02-05-16-33-13,1,battery_test,,,0,"battery test 09, short circle"
2021-02-05-16-33-13_seg_2,2021-02-05-16-33-13,2,battery_test,,,0,"battery test 09, short circle"
2021-02-18-13-44-23_seg_1,2021-02-18-13-44-23,1,circle_3d,2,,0,"3d circle, delta_z = 4, vel=2"
2021-02-18-13-44-23_seg_2,2021-02-18-13-44-23,2,circle_3d,2,,0,"3d circle, delta_z = 4, vel=2"
2021-02-18-13-44-23_seg_3,2021-02-18-13-44-23,3,circle_3d,2,,0,"3d circle, delta_z = 4, vel=2"
2021-02-18-14-15-53_seg_1,2021-02-18-14-15-53,1,circle_3d,2.9,,0,"3d circle, delta_z = 4, vel=2.9"
2021-02-18-14-15-53_seg_2,2021-02-18-14-15-53,2,circle_3d,2.9,,0,"3d circle, delta_z = 4, vel=2.9"
2021-02-18-15-47-24_seg_1,2021-02-18-15-47-24,1,circle_3d,2.9,,0,"3d circle, delta_z = 4, vel=2.9"
2021-02-18-15-47-24_seg_2,2021-02-18-15-47-24,2,circle_3d,2.9,,0,"3d circle, delta_z = 4, vel=2.9"
2021-02-18-15-47-24_seg_3,2021-02-18-15-47-24,3,circle_3d,2.9,,0,"3d circle, delta_z = 4, vel=2.9"
2021-02-18-16-08-00_seg_1,2021-02-18-16-08-00,1,circle_3d,2.9,,1,"3d circle, delta_z = 4, vel=2.9, ccw"
2021-02-18-16-08-00_seg_2,2021-02-18-16-08-00,2,circle_3d,2.9,,1,"3d circle, delta_z = 4, vel=2.9, ccw"
2021-02-18-16-08-00_seg_3,2021-02-18-16-08-00,3,circle_3d,2.9,,1,"3d circle, delta_z = 4, vel=2.9, ccw"
2021-02-18-16-08-00_seg_4,2021-02-18-16-08-00,4,circle_3d,2.9,,1,"3d circle, delta_z = 4, vel=2.9, ccw"
2021-02-18-16-31-30_seg_1,2021-02-18-16-31-30,1,circle_3d,2.9,,1,"3d circle, delta_z = 4, vel=2.9, ccw"
2021-02-18-16-31-30_seg_2,2021-02-18-16-31-30,2,circle_3d,2.9,,1,"3d circle, delta_z = 4, vel=2.9, ccw"
2021-02-18-16-31-30_seg_3,2021-02-18-16-31-30,3,circle_3d,2.9,,1,"3d circle, delta_z = 4, vel=2.9, ccw"
2021-02-18-16-41-41_seg_1,2021-02-18-16-41-41,1,oscillation_linear,2.0,,0,"linear oscillation, vel=2.0"
2021-02-18-16-41-41_seg_2,2021-02-18-16-41-41,2,oscillation_linear,2.0,,0,"linear oscillation, vel=2.0"
2021-02-18-16-43-54_seg_1,2021-02-18-16-43-54,1,oscillation_linear,2.0,,0,"linear oscillation, vel=2.0"
2021-02-18-16-43-54_seg_2,2021-02-18-16-43-54,2,oscillation_linear,2.0,,0,"linear oscillation, vel=2.0"
2021-02-18-16-43-54_seg_3,2021-02-18-16-43-54,3,oscillation_linear,2.0,,0,"linear oscillation, vel=2.0"
2021-02-18-16-43-54_seg_4,2021-02-18-16-43-54,4,oscillation_linear,2.0,,0,"linear oscillation, vel=2.0"
2021-02-18-16-47-02_seg_1,2021-02-18-16-47-02,1,oscillation_linear,2.25,,0,"linear oscillation, vel=2.25"
2021-02-18-16-47-02_seg_2,2021-02-18-16-47-02,2,oscillation_linear,2.25,,0,"linear oscillation, vel=2.25"
2021-02-18-16-47-02_seg_3,2021-02-18-16-47-02,3,oscillation_linear,2.25,,0,"linear oscillation, vel=2.25"
2021-02-18-16-48-24_seg_1,2021-02-18-16-48-24,1,oscillation_linear,2.25,,0,"linear oscillation, vel=2.25"
2021-02-18-16-48-24_seg_2,2021-02-18-16-48-24,2,oscillation_linear,2.25,,0,"linear oscillation, vel=2.25"
2021-02-18-16-53-35_seg_1,2021-02-18-16-53-35,1,oscillation_linear,2.4,,0,"linear oscillation, vel=2.4"
2021-02-18-16-53-35_seg_2,2021-02-18-16-53-35,2,oscillation_linear,2.4,,0,"linear oscillation, vel=2.4"
2021-02-18-16-55-00_seg_1,2021-02-18-16-55-00,1,oscillation_linear,2.4,,0,"linear oscillation, vel=2.4"
2021-02-18-16-55-00_seg_2,2021-02-18-16-55-00,2,oscillation_linear,2.4,,0,"linear oscillation, vel=2.4"
2021-02-18-17-03-20_seg_1,2021-02-18-17-03-20,1,lemniscate,1,,0,"lemniscate, vel = 1"
2021-02-18-17-03-20_seg_2,2021-02-18-17-03-20,2,lemniscate,1,,0,"lemniscate, vel = 1"
2021-02-18-17-05-14_seg_1,2021-02-18-17-05-14,1,lemniscate,1.5,,0,"lemniscate, vel = 1.5"
2021-02-18-17-05-14_seg_2,2021-02-18-17-05-14,2,lemniscate,1.5,,0,"lemniscate, vel = 1.5"
2021-02-18-17-05-14_seg_3,2021-02-18-17-05-14,3,lemniscate,1.5,,0,"lemniscate, vel = 1.5"
2021-02-18-17-05-14_seg_4,2021-02-18-17-05-14,4,lemniscate,1.5,,0,"lemniscate, vel = 1.5"
2021-02-18-17-06-27_seg_1,2021-02-18-17-06-27,1,lemniscate,1.5,,0,"lemniscate, vel = 1.5"
2021-02-18-17-09-50_seg_1,2021-02-18-17-09-50,1,lemniscate,2,,0,"lemniscate, vel = 2"
2021-02-18-17-12-03_seg_1,2021-02-18-17-12-03,1,lemniscate,1.75,,0,"lemniscate, vel = 1.75"
2021-02-18-17-19-08_seg_1,2021-02-18-17-19-08,1,cpc,,1.65,0,"cpc, 1.65 TWR, offset z + 0.7m"
2021-02-18-17-19-08_seg_2,2021-02-18-17-19-08,2,cpc,,1.65,0,"cpc, 1.65 TWR, offset z + 0.7m"
2021-02-18-17-20-37_seg_1,2021-02-18-17-20-37,1,cpc,,2.475,0,"cpc, 2.475 TWR, offset z + 0.7m"
2021-02-18-17-26-00_seg_1,2021-02-18-17-26-00,1,cpc,,2.475,0,"cpc, 2.475 TWR, offset z + 0.7m"
2021-02-18-17-28-35_seg_1,2021-02-18-17-28-35,1,cpc,,2.75,0,"cpc, 2.75 TWR, offset z + 0.7m"
2021-02-18-17-28-35_seg_2,2021-02-18-17-28-35,2,cpc,,2.75,0,"cpc, 2.75 TWR, offset z + 0.7m"
2021-02-18-17-42-11_seg_1,2021-02-18-17-42-11,1,circle_3d,3.25,,1,"3d circle ccw, radius = 3, vel = 3.25"
2021-02-18-17-42-11_seg_2,2021-02-18-17-42-11,2,circle_3d,3.25,,1,"3d circle ccw, radius = 3, vel = 3.25"
2021-02-18-17-42-11_seg_3,2021-02-18-17-42-11,3,circle_3d,3.25,,1,"3d circle ccw, radius = 3, vel = 3.25"
2021-02-18-17-44-17_seg_1,2021-02-18-17-44-17,1,circle_3d,3.25,,0,"3d circle, radius = 3, vel = 3.25"
2021-02-18-17-47-42_seg_1,2021-02-18-17-47-42,1,circle_3d,3.25,,1,"3d circle ccw, radius = 3.5, vel = 3.25"
2021-02-18-17-48-50_seg_1,2021-02-18-17-48-50,1,circle_3d,3.25,,0,"3d circle, radius = 3.5, vel = 3.25"
2021-02-18-17-48-50_seg_2,2021-02-18-17-48-50,2,circle_3d,3.25,,0,"3d circle, radius = 3.5, vel = 3.25"
2021-02-18-17-48-50_seg_3,2021-02-18-17-48-50,3,circle_3d,3.25,,0,"3d circle, radius = 3.5, vel = 3.25"
2021-02-18-18-02-03_seg_1,2021-02-18-18-02-03,1,circle_3d,3,,1,"3d circle ccw, radius = 4, vel = 3"
2021-02-18-18-03-06_seg_1,2021-02-18-18-03-06,1,circle_3d,3,,0,"3d circle, radius = 4, vel = 3"
2021-02-18-18-03-06_seg_2,2021-02-18-18-03-06,2,circle_3d,3,,0,"3d circle, radius = 4, vel = 3"
2021-02-18-18-08-45_seg_1,2021-02-18-18-08-45,1,circle_3d,2.75,,1,"3d circle ccw, radius = 4.5, vel = 2.75"
2021-02-18-18-09-47_seg_1,2021-02-18-18-09-47,1,circle_3d,2.75,,0,"3d circle, radius = 4.5, vel = 2.75"
2021-02-23-10-43-02_seg_1,2021-02-23-10-43-02,1,lemniscate,0.35,,1,"lemniscate, vel = 0.35, r=7.5m, ccw, full battery"
2021-02-23-10-43-02_seg_2,2021-02-23-10-43-02,2,lemniscate,0.35,,1,"lemniscate, vel = 0.35, r=7.5m, ccw, full battery"
2021-02-23-10-43-02_seg_3,2021-02-23-10-43-02,3,lemniscate,0.35,,1,"lemniscate, vel = 0.35, r=7.5m, ccw, full battery"
2021-02-23-10-43-02_seg_4,2021-02-23-10-43-02,4,lemniscate,0.35,,1,"lemniscate, vel = 0.35, r=7.5m, ccw, full battery"
2021-02-23-10-48-03_seg_1,2021-02-23-10-48-03,1,lemniscate,0.35,,0,"lemniscate, vel = 0.35, r=7.5m, full battery"
2021-02-23-10-48-03_seg_2,2021-02-23-10-48-03,2,lemniscate,0.35,,0,"lemniscate, vel = 0.35, r=7.5m, full battery"
2021-02-23-10-48-03_seg_3,2021-02-23-10-48-03,3,lemniscate,0.35,,0,"lemniscate, vel = 0.35, r=7.5m, full battery"
2021-02-23-10-50-42_seg_1,2021-02-23-10-50-42,1,lemniscate,1.0,,1,"lemniscate, vel = 1.0, r=7.5m, ccw"
2021-02-23-10-50-42_seg_2,2021-02-23-10-50-42,2,lemniscate,1.0,,1,"lemniscate, vel = 1.0, r=7.5m, ccw"
2021-02-23-10-52-00_seg_1,2021-02-23-10-52-00,1,lemniscate,1.0,,0,"lemniscate, vel = 1.0, r=7.5m"
2021-02-23-10-52-00_seg_2,2021-02-23-10-52-00,2,lemniscate,1.0,,0,"lemniscate, vel = 1.0, r=7.5m"
2021-02-23-11-31-23_seg_1,2021-02-23-11-31-23,1,random_points,,,0,"random points 1, slow"
2021-02-23-11-31-23_seg_2,2021-02-23-11-31-23,2,random_points,,,0,"random points 1, slow"
2021-02-23-11-31-23_seg_3,2021-02-23-11-31-23,3,random_points,,,0,"random points 1, slow"
2021-02-23-11-31-23_seg_4,2021-02-23-11-31-23,4,random_points,,,0,"random points 1, slow"
2021-02-23-11-41-38_seg_1,2021-02-23-11-41-38,1,satellite,,,0,"satellite, slow, full battery"
2021-02-23-11-41-38_seg_2,2021-02-23-11-41-38,2,satellite,,,0,"satellite, slow, full battery"
2021-02-23-11-41-38_seg_3,2021-02-23-11-41-38,3,satellite,,,0,"satellite, slow, full battery"
2021-02-23-11-41-38_seg_4,2021-02-23-11-41-38,4,satellite,,,0,"satellite, slow, full battery"
2021-02-23-14-21-48_seg_1,2021-02-23-14-21-48,1,lemniscate,1.4,,1,"lemniscate, vel = 1.4, r=7.5m, ccw, full battery"
2021-02-23-14-21-48_seg_2,2021-02-23-14-21-48,2,lemniscate,1.4,,1,"lemniscate, vel = 1.4, r=7.5m, ccw, full battery"
2021-02-23-14-21-48_seg_3,2021-02-23-14-21-48,3,lemniscate,1.4,,1,"lemniscate, vel = 1.4, r=7.5m, ccw, full battery"
2021-02-23-14-24-07_seg_1,2021-02-23-14-24-07,1,lemniscate,1.4,,0,"lemniscate, vel = 1.4, r=7.5m"
2021-02-23-14-29-48_seg_1,2021-02-23-14-29-48,1,lemniscate,1.6,,1,"lemniscate, vel = 1.6, r=7.5m, ccw, full battery, 20s"
2021-02-23-14-29-48_seg_2,2021-02-23-14-29-48,2,lemniscate,1.6,,1,"lemniscate, vel = 1.6, r=7.5m, ccw, full battery, 20s"
2021-02-23-14-33-04_seg_1,2021-02-23-14-33-04,1,lemniscate,1.6,,0,"lemniscate, vel = 1.6, r=7.5m, 20s"
2021-02-23-14-33-04_seg_2,2021-02-23-14-33-04,2,lemniscate,1.6,,0,"lemniscate, vel = 1.6, r=7.5m, 20s"
2021-02-23-14-41-07_seg_1,2021-02-23-14-41-07,1,lemniscate,1.7,,1,"lemniscate, vel = 1.7, r=7.5m, ccw, full battery, 20s"
2021-02-23-14-41-07_seg_2,2021-02-23-14-41-07,2,lemniscate,1.7,,1,"lemniscate, vel = 1.7, r=7.5m, ccw, full battery, 20s"
2021-02-23-14-41-07_seg_3,2021-02-23-14-41-07,3,lemniscate,1.7,,1,"lemniscate, vel = 1.7, r=7.5m, ccw, full battery, 20s"
2021-02-23-17-27-24_seg_1,2021-02-23-17-27-24,1,lemniscate,1.6,,1,"lemniscate, vel = 1.6, r>7.5m, ccw, full battery, 20s"
2021-02-23-17-27-24_seg_2,2021-02-23-17-27-24,2,lemniscate,1.6,,1,"lemniscate, vel = 1.6, r>7.5m, ccw, full battery, 20s"
2021-02-23-17-27-24_seg_3,2021-02-23-17-27-24,3,lemniscate,1.6,,1,"lemniscate, vel = 1.6, r>7.5m, ccw, full battery, 20s"
2021-02-23-17-35-26_seg_1,2021-02-23-17-35-26,1,lemniscate,1.6,,0,"lemniscate, vel = 1.6, r>7.5m, full battery, 20s"
2021-02-23-17-45-47_seg_1,2021-02-23-17-45-47,1,random_points,,,0,"random points 2, full battery"
2021-02-23-17-45-47_seg_2,2021-02-23-17-45-47,2,random_points,,,0,"random points 2, full battery"
2021-02-23-17-45-47_seg_3,2021-02-23-17-45-47,3,random_points,,,0,"random points 2, full battery"
2021-02-23-18-38-21_seg_1,2021-02-23-18-38-21,1,random_points,,,0,"random points 3, 80s"
2021-02-23-18-38-21_seg_2,2021-02-23-18-38-21,2,random_points,,,0,"random points 3, 80s"
2021-02-23-18-38-21_seg_3,2021-02-23-18-38-21,3,random_points,,,0,"random points 3, 80s"
2021-02-23-18-43-00_seg_1,2021-02-23-18-43-00,1,random_points,,,0,"random points 4, 100s"
2021-02-23-18-43-00_seg_2,2021-02-23-18-43-00,2,random_points,,,0,"random points 4, 100s"
2021-02-23-18-50-03_seg_1,2021-02-23-18-50-03,1,random_points,,,0,"random points 5, 120s"
2021-02-23-18-50-03_seg_2,2021-02-23-18-50-03,2,random_points,,,0,"random points 5, 120s"
2021-02-23-18-50-03_seg_3,2021-02-23-18-50-03,3,random_points,,,0,"random points 5, 120s"
2021-02-23-18-50-03_seg_4,2021-02-23-18-50-03,4,random_points,,,0,"random points 5, 120s"
2021-02-23-19-04-50_seg_1,2021-02-23-19-04-50,1,random_points,,,0,"random points 6, 120s"
2021-02-23-19-04-50_seg_2,2021-02-23-19-04-50,2,random_points,,,0,"random points 6, 120s"
2021-02-23-19-04-50_seg_3,2021-02-23-19-04-50,3,random_points,,,0,"random points 6, 120s"
2021-02-23-19-15-11_seg_1,2021-02-23-19-15-11,1,random_points,,,0,"random points 7, 120s, battery moved"
2021-02-23-19-15-11_seg_2,2021-02-23-19-15-11,2,random_points,,,0,"random points 7, 120s, battery moved"
2021-02-23-19-15-11_seg_3,2021-02-23-19-15-11,3,random_points,,,0,"random points 7, 120s, battery moved"
2021-02-23-19-26-38_seg_1,2021-02-23-19-26-38,1,satellite,,,0,"satellite x, medium, full battery"
2021-02-23-19-26-38_seg_2,2021-02-23-19-26-38,2,satellite,,,0,"satellite x, medium, full battery"
2021-02-23-19-26-38_seg_3,2021-02-23-19-26-38,3,satellite,,,0,"satellite x, medium, full battery"
2021-02-23-19-33-29_seg_1,2021-02-23-19-33-29,1,satellite,,,0,"satellite x, fast, full battery"
2021-02-23-19-33-29_seg_2,2021-02-23-19-33-29,2,satellite,,,0,"satellite x, fast, full battery"
2021-02-23-19-33-29_seg_3,2021-02-23-19-33-29,3,satellite,,,0,"satellite x, fast, full battery"
2021-02-23-19-45-06_seg_1,2021-02-23-19-45-06,1,satellite,,,0,"satellite x, fast, full battery, 60s"
2021-02-23-19-45-06_seg_2,2021-02-23-19-45-06,2,satellite,,,0,"satellite x, fast, full battery, 60s"
2021-02-23-19-45-06_seg_3,2021-02-23-19-45-06,3,satellite,,,0,"satellite x, fast, full battery, 60s"
2021-02-23-21-52-14_seg_1,2021-02-23-21-52-14,1,satellite,,,0,"satellite y, fast, full battery, 60s"
2021-02-23-21-52-14_seg_2,2021-02-23-21-52-14,2,satellite,,,0,"satellite y, fast, full battery, 60s"
2021-02-23-21-57-38_seg_1,2021-02-23-21-57-38,1,satellite,,,0,"satellite y, fast, full battery, 60s"
2021-02-23-21-57-38_seg_2,2021-02-23-21-57-38,2,satellite,,,0,"satellite y, fast, full battery, 60s"
2021-02-23-21-57-38_seg_3,2021-02-23-21-57-38,3,satellite,,,0,"satellite y, fast, full battery, 60s"
2021-02-23-22-03-52_seg_1,2021-02-23-22-03-52,1,random_points,,,0,"random points 7, 120s"
2021-02-23-22-03-52_seg_2,2021-02-23-22-03-52,2,random_points,,,0,"random points 7, 120s"
2021-02-23-22-03-52_seg_3,2021-02-23-22-03-52,3,random_points,,,0,"random points 7, 120s"
2021-02-23-22-19-12_seg_1,2021-02-23-22-19-12,1,satellite,,,0,"satellite y, fast, full battery, 60s"
2021-02-23-22-19-12_seg_2,2021-02-23-22-19-12,2,satellite,,,0,"satellite y, fast, full battery, 60s"
2021-02-23-22-19-12_seg_3,2021-02-23-22-19-12,3,satellite,,,0,"satellite y, fast, full battery, 60s"
2021-02-23-22-26-25_seg_1,2021-02-23-22-26-25,1,random_points,,,0,"random points 8, 120s"
2021-02-23-22-26-25_seg_2,2021-02-23-22-26-25,2,random_points,,,0,"random points 8, 120s"
2021-02-23-22-26-25_seg_3,2021-02-23-22-26-25,3,random_points,,,0,"random points 8, 120s"
2021-02-23-22-33-54_seg_1,2021-02-23-22-33-54,1,random_points,,,0,"random points 9, 120s"
2021-02-23-22-33-54_seg_2,2021-02-23-22-33-54,2,random_points,,,0,"random points 9, 120s"
2021-02-23-22-33-54_seg_3,2021-02-23-22-33-54,3,random_points,,,0,"random points 9, 120s"
2021-02-23-22-33-54_seg_4,2021-02-23-22-33-54,4,random_points,,,0,"random points 9, 120s"
2021-02-23-22-41-46_seg_1,2021-02-23-22-41-46,1,satellite,,,0,"satellite x, fast, full battery, 60s"
2021-02-23-22-41-46_seg_2,2021-02-23-22-41-46,2,satellite,,,0,"satellite x, fast, full battery, 60s"
2021-02-23-22-41-46_seg_3,2021-02-23-22-41-46,3,satellite,,,0,"satellite x, fast, full battery, 60s"
2021-02-23-22-54-17_seg_1,2021-02-23-22-54-17,1,ellipse,2.4,,0,"ellipse, vel = 2.4, x=16m, y=12m"
